Company Name,Company Address,Chosen Email
The Little Door,"8164 W 3rd St, Los Angeles, CA 90048, USA",
Perch,"448 S Hill St, Los Angeles, CA 90013, USA",info@perchla.com
Bottega Louie,"700 S Grand Ave, Los Angeles, CA 90017, USA",sales@bottegalouie.com
Girl & the Goat Los Angeles,"555-3 Mateo St, Los Angeles, CA 90013, USA",info@girlandthegoat.com
71Above,"633 W 5th St 71st floor, Los Angeles, CA 90071, USA",
Water Grill,"544 S Grand Ave, Los Angeles, CA 90071, USA",contactus@watergrill.com
Oste,"8142 W 3rd St, Los Angeles, CA 90048, USA",
République Café Bakery & République Restaurant,"624 S La Brea Ave, Los Angeles, CA 90036, USA",info@republiquela.com
Chi Spacca,"6610 Melrose Ave, Los Angeles, CA 90038, USA",
Providence,"5955 Melrose Ave, Los Angeles, CA 90038, USA",info@providencela.com
Bestia,"2121 E 7th Pl, Los Angeles, CA 90021, USA",info@bestiala.com
Majordomo,"1725 Naud St, Los Angeles, CA 90012, USA",
Fleming’s Prime Steakhouse & Wine Bar,"800 W Olympic Blvd Suite A-135, Los Angeles, CA 90015, USA",info@moonlarksla.com
Moonlark's Dinette,"1060 S Broadway, Los Angeles, CA 90015, USA",info@moonlarksla.com
JOEY DTLA,"700 W 7th St Ste S430, Los Angeles, CA 90017, USA",
Guelaguetza Restaurant,"3014 W Olympic Blvd, Los Angeles, CA 90006, USA",sales@ilovemole.com
Redbird,"114 E 2nd St, Los Angeles, CA 90012, USA",info@redbird.la
Le Grand Restaurant,"707 S Grand Ave, Los Angeles, CA 90017, USA",
BROKEN MOUTH | Lee's Homestyle,"718 S Los Angeles St, Los Angeles, CA 90014, USA",hello@eatbrokenmouth.com
Le Petit Paris,"418 S Spring St, Los Angeles, CA 90013, USA",info@lepetitparisla.com
Home Restaurant,"1760 Hillhurst Ave, Los Angeles, CA 90027, USA",info@cabralosangeles.com
Cabra Los Angeles,"1060 S Broadway, Los Angeles, CA 90015, USA",info@cabralosangeles.com
DAMA Fashion District - Downtown LA Restaurant & Bar,"612 E 11th St, Los Angeles, CA 90015, USA",info@damafashiondistrict.com
District,"Plaza Level in The Bloc, 700 W 7th St, Los Angeles, CA 90017, USA",
Bavel,"500 Mateo St #102, Los Angeles, CA 90013, USA",info@baveldtla.com
De La Nonna,"710 E 4th Pl, Los Angeles, CA 90013, USA",info@delanonna.com
Eggslut,"317 S Broadway, Los Angeles, CA 90013, USA",info@grandcentralmarket.com
LA Prime Steakhouse,"404 S Figueroa St, Los Angeles, CA 90071, USA",
Maccheroni Republic,"332 S Broadway, Los Angeles, CA 90013, USA",
San Laurel,"100 S Grand Ave, Los Angeles, CA 90012, USA",info@thinkfoodgroup.com
Rossoblu,"1124 San Julian St, Los Angeles, CA 90015, USA",info@rossoblula.com
Camphor,"923 E 3rd St Suite 109, Los Angeles, CA 90013, USA",info@camphor.la
Orsa & Winston,"FARMERS AND MERCHANTS BANK BUILDING, 122 4th St, Los Angeles, CA 90013, USA",info@orsaandwinston.com
Mercado La Paloma,"3655 S Grand Ave # 280, Los Angeles, CA 90007, USA",
Hill Street Bar & Restaurant,"200 S Hill St, Los Angeles, CA 90012, USA",info@hillstreetla.com
Damian,"2132 E 7th Pl, Los Angeles, CA 90021, USA",info@damiandtla.com
The Little Jewel of New Orleans,"207 Ord St, Los Angeles, CA 90012, USA",
Kuya Lord,"5003 Melrose Ave, Los Angeles, CA 90038, USA",hello@kuyalord.com
BADMAASH Downtown LA,"108 W 2nd St APT 104, Los Angeles, CA 90012, USA",info@badmaashla.com
SORA Craft Kitchen,"1109 E 12th St, Los Angeles, CA 90021, USA",
Kendall's Brasserie,"Music Center, 135 N Grand Ave, Los Angeles, CA 90012, USA",
Little Beast Restaurant,"1496 Colorado Blvd, Los Angeles, CA 90041, USA",hello@littlebeastrestaurant.com
Cicada Restaurant and Lounge,"617 S Olive St, Los Angeles, CA 90014, USA",
SUGARFISH by sushi nozawa,"600 W 7th St #150, Los Angeles, CA 90017, USA",
La Boucherie,"900 Wilshire Blvd fl 71, Los Angeles, CA 90017, USA",
The Exchange Restaurant,"416 W 8th St, Los Angeles, CA 90014, USA",
n/naka,"3455 Overland Ave, Los Angeles, CA 90034, USA",info@n-naka.com
Barton G. The Restaurant Los Angeles,"861 N La Cienega Blvd, Los Angeles, CA 90069, USA",info@bartong.com
LALA'S Argentine Grill Downtown Los Angeles,"105 W 9th St, Los Angeles, CA 90015, USA",
Ristorante Per L’Ora,"649 S Olive St, Los Angeles, CA 90014, USA",info@perloradtla.com
Gold's Gym Downtown Los Angeles,"735 S Figueroa St Suite 100, Los Angeles, CA 90017, USA",
Hybrid Gym Los Angeles,"865 S Figueroa St #104, Los Angeles, CA 90017, USA",
The Lab Athletic Club,"8305 W Sunset Blvd Suite E, Los Angeles, CA 90069, USA",info@thelabathleticclub.com
Los Angeles Athletic Club,"431 W 7th St, Los Angeles, CA 90014, USA",
Barbell Brigade Gym,"646 Gibbons St, Los Angeles, CA 90031, USA",
Easton Gym Co,"8053 Beverly Blvd, Los Angeles, CA 90048, USA",info@eastongymco.com
The Gym LA,"11567 Santa Monica Blvd, Los Angeles, CA 90025, USA",contact@thegym.la
Speakeasy Fitness - Los Angeles,"1645 S Western Ave, Los Angeles, CA 90006, USA",
SixPax Gym,"4301 Sepulveda Blvd, Culver City, CA 90230, USA",
Hollywood Gym,"1551 N La Brea Ave, Los Angeles, CA 90028, USA",info@hollywoodgym.com
Indigo Fitness,"3733 W Sunset Blvd, Los Angeles, CA 90026, USA",
Hype Fitness,"1932 Hyperion Ave, Los Angeles, CA 90027, USA",hello@hypesilverlake.com
24 Hour Fitness,"3699 Wilshire Blvd #110, Los Angeles, CA 90010, USA",support@24go.zendesk.com
EōS Fitness,"701 W Cesar Estrada Chavez Ave, Los Angeles, CA 90012, USA",
JOHN REED Fitness,"1200 S Hill St, Los Angeles, CA 90015, USA",hello@johnreed.fitness
LA Fitness,"1628 N El Centro Ave, Los Angeles, CA 90028, USA",
LM Fitness Center,"2985 Glendale Blvd, Los Angeles, CA 90039, USA",support@lmfitnesscenter.com
Brick Fitness,"7811 Santa Monica Blvd, West Hollywood, CA 90046, USA",
24 Hour Fitness,"6380 W Sunset Blvd, Hollywood, CA 90028, USA",support@24go.zendesk.com
LA Fitness,"3400 Cahuenga Blvd W, Los Angeles, CA 90068, USA",
Gold's Gym Venice,"360 Hampton Dr, Venice, CA 90291, USA",
LA Fitness,"1833 S La Cienega Blvd Ste C, Los Angeles, CA 90035, USA",
Crunch Fitness - West Hollywood,"8000 W Sunset Blvd, Los Angeles, CA 90046, USA",
Fitness 19,"2700 Colorado Blvd, Los Angeles, CA 90041, USA",
Gold's Gym Hollywood,"1016 Cole Ave, Hollywood, CA 90038, USA",
Training Loft Melrose,"7312 Melrose Ave, Los Angeles, CA 90046, USA",info@traininglofts.com
HEIMAT,"960 N La Brea Ave, Los Angeles, CA 90038, USA",hello@heimat.com
LA Fitness,"5950 Wilshire Blvd, Los Angeles, CA 90036, USA",
LA Fitness,"7021 Hollywood Blvd, Los Angeles, CA 90028, USA",
USC Village Fitness Center,"929-959 W Jefferson Blvd, Los Angeles, CA 90007, USA",
LA Fitness,"700 W 7th St Ste G300, Los Angeles, CA 90017, USA",
WILFIT,"3470 Wilshire Blvd #100, Los Angeles, CA 90010, USA",contact@wilfit.com
Barry's Hollywood,"6201 Hollywood Blvd #110, Los Angeles, CA 90028, USA",info@gymtonicla.com
GymTonic,"3249 S La Cienega Blvd, Los Angeles, CA 90016, USA",info@gymtonicla.com
PHAROS Athletic Club,"1316 Glendale Blvd, Los Angeles, CA 90026, USA",
STLA Gym,"4365 W Pico Blvd, Los Angeles, CA 90019, USA",
DC Fitness,"626 Coronado Terrace #110, Los Angeles, CA 90026, USA",
FitProsLA,"123 S Figueroa St #140b, Los Angeles, CA 90012, USA",contact@fitprosla.com
LIFT Society,"3270 Cahuenga Blvd W, Los Angeles, CA 90068, USA",
Sanctuary Fitness - Koreatown,"3460 W 7th St #1110, Los Angeles, CA 90005, USA",info@sanctuaryfitnessktown.com
The Gym Venice,"12257 Venice Blvd., Los Angeles, CA 90066, USA",info@plyofitness.net
PLYO FITNESS at HOLLYWOOD GYM,"1551 N La Brea Ave, Los Angeles, CA 90028, USA",info@plyofitness.net
24 Hour Fitness,"5045 W Slauson Ave, Los Angeles, CA 90056, USA",support@24go.zendesk.com
Hardcore Fitness Bootcamp Downtown Los Angeles,"400 W Pico Blvd, Los Angeles, CA 90015, USA",admin@hardcorefitnessinc.com
Fortune Gym,"7801 Melrose Ave #3, Los Angeles, CA 90046, USA",
Beyond Fitness LA,"1990 Westwood Blvd UNIT 110, Los Angeles, CA 90025, USA",info@mysite.com
EVERYBODY,"1845 N San Fernando Rd, Los Angeles, CA 90065, USA",
Equinox Downtown LA,"444 Flower St, Los Angeles, CA 90071, USA",
Basement Fit,"1260 S Corning St Ste 100, Los Angeles, CA 90035, USA",
F45 Training Downtown Los Angeles,"1200 S Grand Ave Suite R2, Los Angeles, CA 90015, USA",
Los Angeles Software Developers,"1607 Pacific Ave, Venice, CA 90291, USA",hello@losangelessoftwaredevelopers.com
"App Makers LA | Software, Web, & App Development","1250 S Los Angeles St, Los Angeles, CA 90015, USA",
Appingine Los Angeles | Mobile App Development Company,"4929 Wilshire Blvd, Los Angeles, CA 90010, USA",info@appingine.com
Goji Labs - Los Angeles App Development,"800 Wilshire Blvd, Los Angeles, CA 90017, USA",hello@gojilabs.com
Endertech,"1001 Wilshire Blvd Ste 2036, Los Angeles, CA 90017, USA",
Bee Techy | Web and Mobile App Development,"1601 Vine St, Los Angeles, CA 90028, USA",contact@beetechy.com
Burqsoft Technologies,"3754 S Sepulveda Blvd, Los Angeles, CA 90034, USA",
Generation IX,"5839 Green Valley Cir suite 104, Los Angeles, CA 90230, USA",
Ultimate Software Technology Consulting,"20100 S Western Ave Unit R108, Torrance, CA 90501, USA",info@ultimatesoftwarecompany.com
Be Structured Technology Group,"500 S Grand Ave 22nd Floor, Los Angeles, CA 90013, USA",
Magnopus,"523 W 6th St #330, Los Angeles, CA 90014, USA",
SOA Software Inc,"12100 Wilshire Blvd STE 1800, Los Angeles, CA 90025, USA",
Info Web USA Technologies,"5100 Wilshire Blvd, Los Angeles, CA 90036, USA",
Kumo Technology LLC,"110 E 9th St # A1169, Los Angeles, CA 90079, USA",
Trango Tech - Mobile App Development Company Los Angeles,"530 W 5th St floor 11, Los Angeles, CA 90013, USA",
Devaims - Software Development Services in Los Angeles CA,"2333 Beverly Blvd Suite 202B, Los Angeles, CA 90057, USA",
AppVerticals - Mobile App Development Company Los Angeles,"2333 Beverly Blvd ste 202b 52, Los Angeles, CA 90057, USA",info@appverticals.com
Paladin Software,"417 S Hill St #546, Los Angeles, CA 90013, USA",
iCON Software,"1601 Vine St, Los Angeles, CA 90028, USA",info@iconsoft.io
AppsNation California (Mobile Apps | Games | VR /AR | Metaverse & Software Development Company),"3415 S Sepulveda Blvd #1100, Los Angeles, CA 90034, USA",sales@appsnation.co
Octal Digital Los Angeles - App Development Company,"11845 W Olympic Blvd #1100, Los Angeles, CA 90064, USA",hello@octaldigital.com
App Maisters Inc | App Development company Los Angeles | Mobile App Developers Los Angeles,"1901 Ave of the Stars, Los Angeles, CA 90067, USA",sales@appmaisters.com
CyberCore Business Automation,"626 Wilshire Blvd 4th Floor, Los Angeles, CA 90017, USA",info@cloudcybercore.com
Quandary Peak Research,"205 S Broadway #300, Los Angeles, CA 90012, USA",info@quandarypeak.com
Sataware Developers,"3705 W Pico Blvd #937, Los Angeles, CA 90019, USA",contact@sataware.com
Magento Inc,"3640 Holdrege Ave, Los Angeles, CA 90016, USA",
Ionixx Technologies Inc.,"555 W 5th St fl 36, Los Angeles, CA 90013, USA",info@uniquesoftwaredev.com
Unique Software Development,"475 Washington Blvd, Marina Del Rey, CA 90292, USA",info@uniquesoftwaredev.com
BitsWits Los Angeles - Mobile App Development Company,"1425 Flower St, Los Angeles, CA 90015, USA",info@bitswits.co
Wonderment Apps,"355 S Grand Ave Ste 2450, Los Angeles, CA 90071, USA",
CGI,"350 S Grand Ave #3570, Los Angeles, CA 90071, USA",
Sunlight Media,"777 S Alameda St 2nd Floor, Los Angeles, CA 90021, USA",
ViewPoint Cloud,"555 W 5th St 35th floor, Los Angeles, CA 90013, USA",
LabStar Software,"3108 Glendale Blvd Suite 601, Los Angeles, CA 90039, USA",
M ACCELERATOR,"824 S Los Angeles St #400, Los Angeles, CA 90014, USA",
Oway,"601 S Figueroa St Ste 3525, Los Angeles, CA 90017, USA",
Synergy Labs - Mobile App and Web Developers Agency in Los Angeles,"12130 Millennium Dr #300, Los Angeles, CA 90094, USA",hello@synergylabs.co
Solaris Technologies,"112W W 9th St, Los Angeles, CA 90015, USA",hello@solaristek.com
InfiniOne,"333 S Grand Ave, Los Angeles, CA 90013, USA",contact@infinione.com
ISBX,"3415 S Sepulveda Blvd #1250, Los Angeles, CA 90034, USA",info@isbx.com
RXD Systems,"830 Traction Ave #3A, Los Angeles, CA 90013, USA",info@rxd.systems
Sumeru Inc.,"2636 S Hoover St, Los Angeles, CA 90007, USA",
ClickIT DevOps & Software Development Los Angeles,"468 N Camden Dr, Beverly Hills, CA 90210, USA",
DealerCenter,"4751 Wilshire Blvd #115, Los Angeles, CA 90010, USA",
Sytepoint Mobile App Developer Los Angeles,"600 N Central Ave, Glendale, CA 91203, USA",
N41,"2250 Maple Ave, Los Angeles, CA 90011, USA",support@n41.com
SPINX Digital,"911 W Washington Blvd, Los Angeles, CA 90015, USA",hello@spinxdigital.com
TechGropse Los Angeles - Mobile App Development Company | App Developer | Application Development,"6080 Center Dr W, Los Angeles, CA 90045, USA",info@techgropse.com
The Development Factory,"1640 N Spring St suite d, Los Angeles, CA 90012, USA",info@tdf.la
Creative Technology Center,"604 Moulton Ave, Los Angeles, CA 90031, USA",info@creativetechnologycenter.com
